{
    "train": {
        "accuracy": 0.949790358543396,
        "loss": 0.16420121490955353,
        "precision": 0.9604658484458923,
        "recall": 0.9422431588172913
    },
    "eval": {
        "accuracy": 0.962986409664154,
        "loss": 0.10860278457403183,
        "precision": 0.973294734954834,
        "recall": 0.9569756388664246
    },
    "step": 4
}
