{
    "train": {
        "accuracy": 0.9407057762145996,
        "loss": 0.1925942301750183,
        "precision": 0.9533796906471252,
        "recall": 0.9338923692703247
    },
    "eval": {
        "accuracy": 0.9136348962783813,
        "loss": 0.2778193950653076,
        "precision": 0.9562860131263733,
        "recall": 0.8927554488182068
    },
    "step": 4
}
